{
    "packages": [
        {
            "name": "laminas/laminas-escaper",
            "version": "2.10.0",
            "version_normalized": "2.10.0.0",
            "source": {
                "type": "git",
                "url": "https://github.com/laminas/laminas-escaper.git",
                "reference": "58af67282db37d24e584a837a94ee55b9c7552be"
            },
            "dist": {
                "type": "zip",
                "url": "https://api.github.com/repos/laminas/laminas-escaper/zipball/58af67282db37d24e584a837a94ee55b9c7552be",
                "reference": "58af67282db37d24e584a837a94ee55b9c7552be",
                "shasum": ""
            },
            "require": {
                "ext-ctype": "*",
                "ext-mbstring": "*",
                "php": "^7.4 || ~8.0.0 || ~8.1.0"
            },
            "conflict": {
                "zendframework/zend-escaper": "*"
            },
            "require-dev": {
                "infection/infection": "^0.26.6",
                "laminas/laminas-coding-standard": "~2.3.0",
                "maglnet/composer-require-checker": "^3.8.0",
                "phpunit/phpunit": "^9.5.18",
                "psalm/plugin-phpunit": "^0.16.1",
                "vimeo/psalm": "^4.22.0"
            },
            "time": "2022-03-08T20:15:36+00:00",
            "type": "library",
            "installation-source": "dist",
            "autoload": {
                "psr-4": {
                    "Laminas\\Escaper\\": "src/"
                }
            },
            "notification-url": "https://packagist.org/downloads/",
            "license": [
                "BSD-3-Clause"
            ],
            "description": "Securely and safely escape HTML, HTML attributes, JavaScript, CSS, and URLs",
            "homepage": "https://laminas.dev",
            "keywords": [
                "escaper",
                "laminas"
            ],
            "support": {
                "chat": "https://laminas.dev/chat",
                "docs": "https://docs.laminas.dev/laminas-escaper/",
                "forum": "https://discourse.laminas.dev",
                "issues": "https://github.com/laminas/laminas-escaper/issues",
                "rss": "https://github.com/laminas/laminas-escaper/releases.atom",
                "source": "https://github.com/laminas/laminas-escaper"
            },
            "funding": [
                {
                    "url": "https://funding.communitybridge.org/projects/laminas-project",
                    "type": "community_bridge"
                }
            ],
            "install-path": "../laminas/laminas-escaper"
        },
        {
            "name": "phpoffice/phpword",
            "version": "0.18.3",
            "version_normalized": "0.18.3.0",
            "source": {
                "type": "git",
                "url": "https://github.com/PHPOffice/PHPWord.git",
                "reference": "be0190cd5d8f95b4be08d5853b107aa4e352759a"
            },
            "dist": {
                "type": "zip",
                "url": "https://api.github.com/repos/PHPOffice/PHPWord/zipball/be0190cd5d8f95b4be08d5853b107aa4e352759a",
                "reference": "be0190cd5d8f95b4be08d5853b107aa4e352759a",
                "shasum": ""
            },
            "require": {
                "ext-xml": "*",
                "laminas/laminas-escaper": "^2.2",
                "php": "^5.3.3 || ^7.0 || ^8.0"
            },
            "require-dev": {
                "dompdf/dompdf": "0.8.* || 1.0.*",
                "ext-gd": "*",
                "ext-zip": "*",
                "friendsofphp/php-cs-fixer": "^2.2",
                "mpdf/mpdf": "5.7.4 || 6.* || 7.* || 8.*",
                "php-coveralls/php-coveralls": "1.1.0 || ^2.0",
                "phploc/phploc": "2.* || 3.* || 4.* || 5.* || 6.* || 7.*",
                "phpmd/phpmd": "2.*",
                "phpunit/phpunit": "^4.8.36 || ^7.0",
                "squizlabs/php_codesniffer": "^2.9 || ^3.5",
                "tecnickcom/tcpdf": "6.*"
            },
            "suggest": {
                "dompdf/dompdf": "Allows writing PDF",
                "ext-gd2": "Allows adding images",
                "ext-xmlwriter": "Allows writing OOXML and ODF",
                "ext-xsl": "Allows applying XSL style sheet to headers, to main document part, and to footers of an OOXML template",
                "ext-zip": "Allows writing OOXML and ODF"
            },
            "time": "2022-02-17T15:40:03+00:00",
            "type": "library",
            "extra": {
                "branch-alias": {
                    "dev-develop": "0.19-dev"
                }
            },
            "installation-source": "dist",
            "autoload": {
                "psr-4": {
                    "PhpOffice\\PhpWord\\": "src/PhpWord"
                }
            },
            "notification-url": "https://packagist.org/downloads/",
            "license": [
                "LGPL-3.0"
            ],
            "authors": [
                {
                    "name": "Mark Baker"
                },
                {
                    "name": "Gabriel Bull",
                    "email": "me@gabrielbull.com",
                    "homepage": "http://gabrielbull.com/"
                },
                {
                    "name": "Franck Lefevre",
                    "homepage": "https://rootslabs.net/blog/"
                },
                {
                    "name": "Ivan Lanin",
                    "homepage": "http://ivan.lanin.org"
                },
                {
                    "name": "Roman Syroeshko",
                    "homepage": "http://ru.linkedin.com/pub/roman-syroeshko/34/a53/994/"
                },
                {
                    "name": "Antoine de Troostembergh"
                }
            ],
            "description": "PHPWord - A pure PHP library for reading and writing word processing documents (OOXML, ODF, RTF, HTML, PDF)",
            "homepage": "http://phpoffice.github.io",
            "keywords": [
                "ISO IEC 29500",
                "OOXML",
                "Office Open XML",
                "OpenDocument",
                "OpenXML",
                "PhpOffice",
                "PhpWord",
                "Rich Text Format",
                "WordprocessingML",
                "doc",
                "docx",
                "html",
                "odf",
                "odt",
                "office",
                "pdf",
                "php",
                "reader",
                "rtf",
                "template",
                "template processor",
                "word",
                "writer"
            ],
            "support": {
                "issues": "https://github.com/PHPOffice/PHPWord/issues",
                "source": "https://github.com/PHPOffice/PHPWord/tree/0.18.3"
            },
            "install-path": "../phpoffice/phpword"
        }
    ],
    "dev": true,
    "dev-package-names": []
}
