{
    "packages": [
        {
            "name": "ncjoes/office-converter",
            "version": "v1.0.3",
            "version_normalized": "1.0.3.0",
            "source": {
                "type": "git",
                "url": "https://github.com/ncjoes/office-converter.git",
                "reference": "b0e549388380572e1cb1864283d83b819578e813"
            },
            "dist": {
                "type": "zip",
                "url": "https://api.github.com/repos/ncjoes/office-converter/zipball/b0e549388380572e1cb1864283d83b819578e813",
                "reference": "b0e549388380572e1cb1864283d83b819578e813",
                "shasum": ""
            },
            "require": {
                "php": ">=5.4.4"
            },
            "require-dev": {
                "friendsofphp/php-cs-fixer": "^2.16",
                "phpstan/phpstan": "^0.12.11",
                "phpunit/phpunit": "7.*"
            },
            "time": "2020-05-11T09:45:43+00:00",
            "type": "library",
            "installation-source": "dist",
            "autoload": {
                "psr-4": {
                    "NcJoes\\OfficeConverter\\": "src/OfficeConverter"
                }
            },
            "notification-url": "https://packagist.org/downloads/",
            "license": [
                "MIT"
            ],
            "authors": [
                {
                    "name": "Chukwuemeka Nwobodo",
                    "email": "jc.nwobodo@gmail.com"
                }
            ],
            "description": "PHP Wrapper for LibreOffice",
            "keywords": [
                "converter",
                "office"
            ],
            "support": {
                "issues": "https://github.com/ncjoes/office-converter/issues",
                "source": "https://github.com/ncjoes/office-converter/tree/v1.0.3"
            },
            "install-path": "../ncjoes/office-converter"
        }
    ],
    "dev": true,
    "dev-package-names": []
}
