{
    "packages": [
        {
            "name": "smalot/pdfparser",
            "version": "v2.2.1",
            "version_normalized": "2.2.1.0",
            "source": {
                "type": "git",
                "url": "https://github.com/smalot/pdfparser.git",
                "reference": "7c007090776f29119e72be28f7780e638ea0cbf4"
            },
            "dist": {
                "type": "zip",
                "url": "https://api.github.com/repos/smalot/pdfparser/zipball/7c007090776f29119e72be28f7780e638ea0cbf4",
                "reference": "7c007090776f29119e72be28f7780e638ea0cbf4",
                "shasum": ""
            },
            "require": {
                "ext-iconv": "*",
                "ext-zlib": "*",
                "php": ">=7.1",
                "symfony/polyfill-mbstring": "^1.18"
            },
            "time": "2022-05-02T06:42:03+00:00",
            "type": "library",
            "installation-source": "dist",
            "autoload": {
                "psr-0": {
                    "Smalot\\PdfParser\\": "src/"
                }
            },
            "notification-url": "https://packagist.org/downloads/",
            "license": [
                "LGPL-3.0"
            ],
            "authors": [
                {
                    "name": "Sebastien MALOT",
                    "email": "sebastien@malot.fr"
                }
            ],
            "description": "Pdf parser library. Can read and extract information from pdf file.",
            "homepage": "https://www.pdfparser.org",
            "keywords": [
                "extract",
                "parse",
                "parser",
                "pdf",
                "text"
            ],
            "support": {
                "issues": "https://github.com/smalot/pdfparser/issues",
                "source": "https://github.com/smalot/pdfparser/tree/v2.2.1"
            },
            "install-path": "../smalot/pdfparser"
        },
        {
            "name": "symfony/polyfill-mbstring",
            "version": "v1.26.0",
            "version_normalized": "1.26.0.0",
            "source": {
                "type": "git",
                "url": "https://github.com/symfony/polyfill-mbstring.git",
                "reference": "9344f9cb97f3b19424af1a21a3b0e75b0a7d8d7e"
            },
            "dist": {
                "type": "zip",
                "url": "https://api.github.com/repos/symfony/polyfill-mbstring/zipball/9344f9cb97f3b19424af1a21a3b0e75b0a7d8d7e",
                "reference": "9344f9cb97f3b19424af1a21a3b0e75b0a7d8d7e",
                "shasum": ""
            },
            "require": {
                "php": ">=7.1"
            },
            "provide": {
                "ext-mbstring": "*"
            },
            "suggest": {
                "ext-mbstring": "For best performance"
            },
            "time": "2022-05-24T11:49:31+00:00",
            "type": "library",
            "extra": {
                "branch-alias": {
                    "dev-main": "1.26-dev"
                },
                "thanks": {
                    "name": "symfony/polyfill",
                    "url": "https://github.com/symfony/polyfill"
                }
            },
            "installation-source": "dist",
            "autoload": {
                "files": [
                    "bootstrap.php"
                ],
                "psr-4": {
                    "Symfony\\Polyfill\\Mbstring\\": ""
                }
            },
            "notification-url": "https://packagist.org/downloads/",
            "license": [
                "MIT"
            ],
            "authors": [
                {
                    "name": "Nicolas Grekas",
                    "email": "p@tchwork.com"
                },
                {
                    "name": "Symfony Community",
                    "homepage": "https://symfony.com/contributors"
                }
            ],
            "description": "Symfony polyfill for the Mbstring extension",
            "homepage": "https://symfony.com",
            "keywords": [
                "compatibility",
                "mbstring",
                "polyfill",
                "portable",
                "shim"
            ],
            "support": {
                "source": "https://github.com/symfony/polyfill-mbstring/tree/v1.26.0"
            },
            "funding": [
                {
                    "url": "https://symfony.com/sponsor",
                    "type": "custom"
                },
                {
                    "url": "https://github.com/fabpot",
                    "type": "github"
                },
                {
                    "url": "https://tidelift.com/funding/github/packagist/symfony/symfony",
                    "type": "tidelift"
                }
            ],
            "install-path": "../symfony/polyfill-mbstring"
        }
    ],
    "dev": true,
    "dev-package-names": []
}
